STATION,DATE,LATITUDE,LONGITUDE,ELEVATION,NAME,TEMP,DEWP,SLP,STP,VISIB,WDSP,MXSPD,GUST,MAX,MIN
1087799999,2024-01-01,60.6333333,3.7166666,90.0,"TROLL A OIL PLATFORM, NO",3.7777777777777763,-2.9444444444444446,9999.9,999.9,0.9977908,50.5596,62.968,1851.8148,5.0,2.000000000000001
1087799999,2024-01-02,60.6333333,3.7166666,90.0,"TROLL A OIL PLATFORM, NO",1.8888888888888882,-5.277777777777778,9999.9,999.9,0.9977908,51.3004,66.4868,1851.8148,2.999999999999999,0.0
1087799999,2024-01-03,60.6333333,3.7166666,90.0,"TROLL A OIL PLATFORM, NO",-0.22222222222222143,-8.277777777777779,9999.9,999.9,0.9977908,33.1508,53.5228,1851.8148,0.9999999999999984,-1.0000000000000004
1087799999,2024-01-04,60.6333333,3.7166666,90.0,"TROLL A OIL PLATFORM, NO",0.38888888888889045,-6.277777777777778,9999.9,999.9,0.9816973999999999,34.817600000000006,48.152,1851.8148,0.9999999999999984,-1.0000000000000004
1087799999,2024-01-05,60.6333333,3.7166666,90.0,"TROLL A OIL PLATFORM, NO",-0.3888888888888885,-7.777777777777778,9999.9,999.9,0.9977908,27.78,42.4108,1851.8148,0.0,-1.0000000000000004
1087799999,2024-01-06,60.6333333,3.7166666,90.0,"TROLL A OIL PLATFORM, NO",0.7222222222222207,-5.777777777777777,9999.9,999.9,0.9977908,32.595200000000006,51.856,1851.8148,2.000000000000001,0.0
1087799999,2024-01-07,60.6333333,3.7166666,90.0,"TROLL A OIL PLATFORM, NO",2.833333333333334,0.16666666666666508,9999.9,999.9,0.9816973999999999,48.5224,59.449200000000005,1851.8148,4.000000000000002,2.000000000000001
1087799999,2024-01-08,60.6333333,3.7166666,90.0,"TROLL A OIL PLATFORM, NO",4.444444444444445,2.666666666666665,9999.9,999.9,0.8690436,26.483600000000003,37.04,1851.8148,5.999999999999998,2.999999999999999
1087799999,2024-01-09,60.6333333,3.7166666,90.0,"TROLL A OIL PLATFORM, NO",5.38888888888889,3.111111111111112,9999.9,999.9,0.9977908,30.187600000000003,57.59720000000001,1851.8148,5.999999999999998,5.0
1087799999,2024-01-10,60.6333333,3.7166666,90.0,"TROLL A OIL PLATFORM, NO",6.277777777777776,1.7777777777777795,9999.9,999.9,0.9977908,61.6716,68.3388,1851.8148,7.000000000000001,5.999999999999998
1087799999,2024-01-11,60.6333333,3.7166666,90.0,"TROLL A OIL PLATFORM, NO",6.0555555555555545,1.8888888888888882,9999.9,999.9,0.9977908,49.078,57.59720000000001,1851.8148,7.000000000000001,5.0
1087799999,2024-01-12,60.6333333,3.7166666,90.0,"TROLL A OIL PLATFORM, NO",5.333333333333334,3.8333333333333326,9999.9,999.9,0.8207633999999999,33.891600000000004,57.59720000000001,1851.8148,7.000000000000001,5.0
1087799999,2024-01-14,60.6333333,3.7166666,90.0,"TROLL A OIL PLATFORM, NO",2.6111111111111125,-0.8333333333333334,9999.9,999.9,0.9495106,58.338,103.52680000000001,1851.8148,4.000000000000002,0.0
1087799999,2024-01-15,60.6333333,3.7166666,90.0,"TROLL A OIL PLATFORM, NO",0.5555555555555556,-4.277777777777778,9999.9,999.9,0.885137,46.300000000000004,90.748,1851.8148,2.000000000000001,-2.000000000000001
1087799999,2024-01-17,60.6333333,3.7166666,90.0,"TROLL A OIL PLATFORM, NO",-0.11111111111111072,-4.111111111111111,9999.9,999.9,0.9495106,27.9652,61.116,1851.8148,2.000000000000001,-2.000000000000001
1087799999,2024-01-19,60.6333333,3.7166666,90.0,"TROLL A OIL PLATFORM, NO",1.6111111111111103,-2.9444444444444446,9999.9,999.9,0.9656039999999999,41.4848,75.932,1851.8148,2.999999999999999,0.0
1087799999,2024-01-20,60.6333333,3.7166666,90.0,"TROLL A OIL PLATFORM, NO",4.111111111111111,1.1111111111111112,9999.9,999.9,0.9173238,44.2628,79.4508,1851.8148,5.999999999999998,2.000000000000001
1087799999,2024-01-24,60.6333333,3.7166666,90.0,"TROLL A OIL PLATFORM, NO",7.277777777777778,5.444444444444443,9999.9,999.9,0.9012303999999999,54.8192,75.932,1851.8148,8.0,5.999999999999998
1087799999,2024-01-27,60.6333333,3.7166666,90.0,"TROLL A OIL PLATFORM, NO",7.777777777777778,5.333333333333334,9999.9,999.9,0.9816973999999999,63.708800000000004,77.784,1851.8148,8.0,7.000000000000001
1087799999,2024-01-29,60.6333333,3.7166666,90.0,"TROLL A OIL PLATFORM, NO",6.888888888888888,3.1666666666666683,9999.9,999.9,0.9977908,38.1512,57.59720000000001,1851.8148,8.0,5.999999999999998
1087799999,2024-01-30,60.6333333,3.7166666,90.0,"TROLL A OIL PLATFORM, NO",5.833333333333333,3.6666666666666674,9999.9,999.9,0.9977908,24.4464,51.856,1851.8148,7.000000000000001,5.0
1087799999,2024-02-04,60.6333333,3.7166666,90.0,"TROLL A OIL PLATFORM, NO",4.111111111111111,-0.8333333333333334,9999.9,999.9,0.9495106,57.967600000000004,83.52520000000001,1851.8148,5.999999999999998,0.0
1087799999,2024-02-05,60.6333333,3.7166666,90.0,"TROLL A OIL PLATFORM, NO",2.055555555555557,-4.666666666666666,9999.9,999.9,0.9977908,23.705600000000004,59.449200000000005,1851.8148,2.999999999999999,0.0
1087799999,2024-02-06,60.6333333,3.7166666,90.0,"TROLL A OIL PLATFORM, NO",0.055555555555556344,-3.611111111111111,9999.9,999.9,0.9816973999999999,46.485200000000006,74.08,1851.8148,2.000000000000001,-2.000000000000001
1087799999,2024-02-07,60.6333333,3.7166666,90.0,"TROLL A OIL PLATFORM, NO",1.1111111111111112,-2.6111111111111107,9999.9,999.9,0.9656039999999999,33.7064,59.449200000000005,1851.8148,2.000000000000001,-1.0000000000000004
1087799999,2024-02-08,60.6333333,3.7166666,90.0,"TROLL A OIL PLATFORM, NO",1.3888888888888888,-1.6111111111111103,9999.9,999.9,0.8690436,14.2604,29.446800000000003,1851.8148,2.000000000000001,0.0
1087799999,2024-02-09,60.6333333,3.7166666,90.0,"TROLL A OIL PLATFORM, NO",0.38888888888889045,-4.888888888888889,9999.9,999.9,0.9977908,22.409200000000002,29.446800000000003,1851.8148,0.9999999999999984,0.0
1087799999,2024-02-10,60.6333333,3.7166666,90.0,"TROLL A OIL PLATFORM, NO",-0.2777777777777778,-8.166666666666666,9999.9,999.9,0.9816973999999999,29.632,38.892,1851.8148,0.9999999999999984,-2.000000000000001
1087799999,2024-02-11,60.6333333,3.7166666,90.0,"TROLL A OIL PLATFORM, NO",2.1111111111111094,-0.11111111111111072,9999.9,999.9,0.9816973999999999,27.0392,31.669200000000004,1851.8148,5.0,0.0
1087799999,2024-02-12,60.6333333,3.7166666,90.0,"TROLL A OIL PLATFORM, NO",2.666666666666665,1.3888888888888888,9999.9,999.9,0.9656039999999999,52.41160000000001,74.08,1851.8148,2.999999999999999,2.000000000000001
1087799999,2024-02-14,60.6333333,3.7166666,90.0,"TROLL A OIL PLATFORM, NO",6.722222222222223,3.555555555555555,9999.9,999.9,0.9816973999999999,41.4848,62.968,1851.8148,8.0,5.0
1087799999,2024-02-15,60.6333333,3.7166666,90.0,"TROLL A OIL PLATFORM, NO",4.61111111111111,2.6111111111111125,9999.9,999.9,0.8690436,34.6324,44.6332,1851.8148,5.999999999999998,4.000000000000002
1087799999,2024-02-16,60.6333333,3.7166666,90.0,"TROLL A OIL PLATFORM, NO",4.722222222222222,2.6111111111111125,9999.9,999.9,0.9816973999999999,59.449200000000005,90.748,1851.8148,5.999999999999998,4.000000000000002
1087799999,2024-02-17,60.6333333,3.7166666,90.0,"TROLL A OIL PLATFORM, NO",4.2777777777777795,-1.2777777777777781,9999.9,999.9,0.9977908,27.0392,57.59720000000001,1851.8148,5.999999999999998,4.000000000000002
1087799999,2024-02-22,60.6333333,3.7166666,90.0,"TROLL A OIL PLATFORM, NO",5.555555555555555,2.5555555555555562,9999.9,999.9,0.9334172,49.078,87.04400000000001,1851.8148,7.000000000000001,4.000000000000002
1087799999,2024-02-23,60.6333333,3.7166666,90.0,"TROLL A OIL PLATFORM, NO",4.777777777777779,1.8888888888888882,9999.9,999.9,0.9977908,36.6696,59.449200000000005,1851.8148,5.999999999999998,4.000000000000002
1087799999,2024-02-24,60.6333333,3.7166666,90.0,"TROLL A OIL PLATFORM, NO",5.444444444444443,2.000000000000001,9999.9,999.9,0.9656039999999999,40.00320000000001,53.5228,1851.8148,5.999999999999998,4.000000000000002
1087799999,2024-02-25,60.6333333,3.7166666,90.0,"TROLL A OIL PLATFORM, NO",5.277777777777778,1.6111111111111103,9999.9,999.9,0.9977908,24.4464,40.744,1851.8148,7.000000000000001,4.000000000000002
1087799999,2024-02-26,60.6333333,3.7166666,90.0,"TROLL A OIL PLATFORM, NO",4.2777777777777795,0.38888888888889045,9999.9,999.9,0.9977908,27.0392,50.004000000000005,1851.8148,5.0,2.999999999999999
1087799999,2024-02-27,60.6333333,3.7166666,90.0,"TROLL A OIL PLATFORM, NO",5.444444444444443,2.333333333333335,9999.9,999.9,0.8529502,65.37559999999999,96.48920000000001,1851.8148,7.000000000000001,4.000000000000002
1087799999,2024-02-28,60.6333333,3.7166666,90.0,"TROLL A OIL PLATFORM, NO",6.4444444444444455,3.944444444444445,9999.9,999.9,0.9012303999999999,59.449200000000005,87.04400000000001,1851.8148,7.000000000000001,5.999999999999998
1087799999,2024-02-29,60.6333333,3.7166666,90.0,"TROLL A OIL PLATFORM, NO",6.833333333333332,4.777777777777779,9999.9,999.9,0.9816973999999999,75.3764,94.6372,1851.8148,8.0,5.999999999999998
1087799999,2024-03-01,60.6333333,3.7166666,90.0,"TROLL A OIL PLATFORM, NO",5.38888888888889,3.3333333333333335,9999.9,999.9,0.9656039999999999,34.817600000000006,61.116,1851.8148,5.999999999999998,4.000000000000002
1087799999,2024-03-02,60.6333333,3.7166666,90.0,"TROLL A OIL PLATFORM, NO",6.222222222222224,3.7777777777777763,9999.9,999.9,0.9977908,29.2616,46.485200000000006,1851.8148,10.0,4.000000000000002
1087799999,2024-03-03,60.6333333,3.7166666,90.0,"TROLL A OIL PLATFORM, NO",9.055555555555554,3.3888888888888897,9999.9,999.9,0.9977908,27.4096,35.188,1851.8148,10.999999999999998,5.999999999999998
1087799999,2024-03-04,60.6333333,3.7166666,90.0,"TROLL A OIL PLATFORM, NO",8.222222222222221,3.444444444444446,9999.9,999.9,0.9977908,31.669200000000004,48.152,1851.8148,10.0,7.000000000000001
1087799999,2024-03-05,60.6333333,3.7166666,90.0,"TROLL A OIL PLATFORM, NO",6.333333333333332,-0.055555555555556344,9999.9,999.9,0.9977908,25.557600000000004,40.744,1851.8148,9.000000000000002,5.0
1087799999,2024-03-06,60.6333333,3.7166666,90.0,"TROLL A OIL PLATFORM, NO",4.555555555555557,0.8888888888888897,9999.9,999.9,0.9977908,16.297600000000003,35.188,1851.8148,5.999999999999998,2.999999999999999
1087799999,2024-03-07,60.6333333,3.7166666,90.0,"TROLL A OIL PLATFORM, NO",5.0,1.1666666666666674,9999.9,999.9,0.9977908,19.0756,29.446800000000003,1851.8148,5.999999999999998,4.000000000000002
1087799999,2024-03-08,60.6333333,3.7166666,90.0,"TROLL A OIL PLATFORM, NO",4.2777777777777795,0.16666666666666508,9999.9,999.9,0.9977908,11.4824,20.5572,1851.8148,5.0,4.000000000000002
1087799999,2024-03-09,60.6333333,3.7166666,90.0,"TROLL A OIL PLATFORM, NO",4.666666666666666,-0.5555555555555556,9999.9,999.9,0.9977908,9.26,24.076,1851.8148,5.999999999999998,4.000000000000002
1087799999,2024-03-10,60.6333333,3.7166666,90.0,"TROLL A OIL PLATFORM, NO",4.61111111111111,-2.4444444444444438,9999.9,999.9,0.9977908,18.149600000000003,25.928,1851.8148,5.999999999999998,2.999999999999999
1087799999,2024-03-11,60.6333333,3.7166666,90.0,"TROLL A OIL PLATFORM, NO",4.000000000000002,-2.6111111111111107,9999.9,999.9,0.9977908,13.89,20.5572,1851.8148,5.999999999999998,2.999999999999999
1087799999,2024-03-12,60.6333333,3.7166666,90.0,"TROLL A OIL PLATFORM, NO",4.944444444444444,1.3333333333333326,9999.9,999.9,0.9656039999999999,29.0764,61.116,1851.8148,7.000000000000001,2.999999999999999
1087799999,2024-03-13,60.6333333,3.7166666,90.0,"TROLL A OIL PLATFORM, NO",5.944444444444446,4.833333333333335,9999.9,999.9,0.9816973999999999,66.672,100.00800000000001,1851.8148,8.0,4.000000000000002
1087799999,2024-03-14,60.6333333,3.7166666,90.0,"TROLL A OIL PLATFORM, NO",7.555555555555555,4.166666666666667,9999.9,999.9,0.9977908,53.5228,75.932,1851.8148,8.0,5.999999999999998
1087799999,2024-03-15,60.6333333,3.7166666,90.0,"TROLL A OIL PLATFORM, NO",5.555555555555555,2.5,9999.9,999.9,0.9977908,44.448,100.00800000000001,1851.8148,7.000000000000001,5.0
1087799999,2024-03-16,60.6333333,3.7166666,90.0,"TROLL A OIL PLATFORM, NO",4.388888888888888,-3.277777777777777,9999.9,999.9,0.9977908,66.672,96.48920000000001,1851.8148,5.0,4.000000000000002
1087799999,2024-03-17,60.6333333,3.7166666,90.0,"TROLL A OIL PLATFORM, NO",3.611111111111111,-1.3888888888888888,9999.9,999.9,0.9977908,71.67240000000001,88.896,1851.8148,4.000000000000002,2.999999999999999
1087799999,2024-03-18,60.6333333,3.7166666,90.0,"TROLL A OIL PLATFORM, NO",3.611111111111111,0.944444444444446,9999.9,999.9,0.9656039999999999,80.7472,87.04400000000001,1851.8148,5.0,2.000000000000001
1087799999,2024-03-20,60.6333333,3.7166666,90.0,"TROLL A OIL PLATFORM, NO",5.888888888888889,1.722222222222223,9999.9,999.9,0.9977908,18.52,31.669200000000004,1851.8148,5.999999999999998,5.0
1087799999,2024-03-21,60.6333333,3.7166666,90.0,"TROLL A OIL PLATFORM, NO",6.0555555555555545,4.111111111111111,9999.9,999.9,0.9816973999999999,58.338,94.6372,1851.8148,8.0,5.0
1087799999,2024-03-22,60.6333333,3.7166666,90.0,"TROLL A OIL PLATFORM, NO",5.888888888888889,2.7222222222222214,9999.9,999.9,0.9816973999999999,65.0052,81.67320000000001,1851.8148,8.0,2.999999999999999
1087799999,2024-03-23,60.6333333,3.7166666,90.0,"TROLL A OIL PLATFORM, NO",5.611111111111112,3.6666666666666674,9999.9,999.9,0.9816973999999999,42.9664,64.82000000000001,1851.8148,7.000000000000001,4.000000000000002
1087799999,2024-03-24,60.6333333,3.7166666,90.0,"TROLL A OIL PLATFORM, NO",4.61111111111111,1.4444444444444453,9999.9,999.9,0.9977908,69.45,81.67320000000001,1851.8148,5.999999999999998,2.999999999999999
1087799999,2024-03-25,60.6333333,3.7166666,90.0,"TROLL A OIL PLATFORM, NO",3.0555555555555554,-2.1111111111111116,9999.9,999.9,0.9977908,50.5596,64.82000000000001,1851.8148,4.000000000000002,2.999999999999999
1087799999,2024-03-26,60.6333333,3.7166666,90.0,"TROLL A OIL PLATFORM, NO",3.111111111111112,-1.4999999999999996,9999.9,999.9,0.9334172,22.779600000000002,31.669200000000004,1851.8148,5.999999999999998,0.0
1087799999,2024-03-27,60.6333333,3.7166666,90.0,"TROLL A OIL PLATFORM, NO",5.999999999999998,1.555555555555554,9999.9,999.9,0.9977908,34.6324,48.152,1851.8148,7.000000000000001,5.0
1087799999,2024-04-01,60.6333333,3.7166666,90.0,"TROLL A OIL PLATFORM, NO",5.7222222222222205,4.000000000000002,9999.9,999.9,0.9977908,48.5224,51.856,1851.8148,5.999999999999998,5.0
1087799999,2024-04-02,60.6333333,3.7166666,90.0,"TROLL A OIL PLATFORM, NO",4.388888888888888,1.7777777777777795,9999.9,999.9,0.9977908,53.708000000000006,68.3388,1851.8148,5.0,2.999999999999999
1087799999,2024-04-03,60.6333333,3.7166666,90.0,"TROLL A OIL PLATFORM, NO",3.888888888888889,0.6111111111111119,9999.9,999.9,0.9656039999999999,35.373200000000004,66.4868,1851.8148,8.0,2.000000000000001
1087799999,2024-04-04,60.6333333,3.7166666,90.0,"TROLL A OIL PLATFORM, NO",1.9444444444444444,-0.22222222222222143,9999.9,999.9,0.9495106,17.594,29.446800000000003,1851.8148,4.000000000000002,0.0
1087799999,2024-04-05,60.6333333,3.7166666,90.0,"TROLL A OIL PLATFORM, NO",2.5,-2.5,9999.9,999.9,0.9977908,21.6684,44.6332,1851.8148,4.000000000000002,0.9999999999999984
1087799999,2024-04-06,60.6333333,3.7166666,90.0,"TROLL A OIL PLATFORM, NO",5.833333333333333,3.6666666666666674,9999.9,999.9,0.80467,51.3004,94.6372,1851.8148,9.000000000000002,4.000000000000002
1087799999,2024-04-08,60.6333333,3.7166666,90.0,"TROLL A OIL PLATFORM, NO",6.944444444444445,5.555555555555555,9999.9,999.9,0.9816973999999999,54.634,64.82000000000001,1851.8148,8.0,5.999999999999998
1087799999,2024-04-12,60.6333333,3.7166666,90.0,"TROLL A OIL PLATFORM, NO",7.944444444444443,6.388888888888889,9999.9,999.9,0.9816973999999999,51.6708,72.22800000000001,1851.8148,10.0,5.999999999999998
1087799999,2024-04-14,60.6333333,3.7166666,90.0,"TROLL A OIL PLATFORM, NO",5.888888888888889,1.9444444444444444,9999.9,999.9,0.9656039999999999,29.632,61.116,1851.8148,8.0,5.0
1087799999,2024-04-15,60.6333333,3.7166666,90.0,"TROLL A OIL PLATFORM, NO",6.166666666666668,2.166666666666666,9999.9,999.9,0.9977908,46.8556,66.4868,1851.8148,8.0,5.0
1087799999,2024-04-16,60.6333333,3.7166666,90.0,"TROLL A OIL PLATFORM, NO",5.666666666666668,2.333333333333335,9999.9,999.9,0.9977908,20.9276,35.188,1851.8148,7.000000000000001,4.000000000000002
1087799999,2024-04-18,60.6333333,3.7166666,90.0,"TROLL A OIL PLATFORM, NO",4.666666666666666,1.8888888888888882,9999.9,999.9,0.9173238,41.299600000000005,68.3388,1851.8148,5.999999999999998,4.000000000000002
1087799999,2024-04-19,60.6333333,3.7166666,90.0,"TROLL A OIL PLATFORM, NO",4.111111111111111,2.5555555555555562,9999.9,999.9,0.9012303999999999,50.3744,70.5612,1851.8148,5.0,2.999999999999999
1087799999,2024-04-21,60.6333333,3.7166666,90.0,"TROLL A OIL PLATFORM, NO",5.38888888888889,0.8333333333333334,9999.9,999.9,0.9977908,14.816,38.892,1851.8148,7.000000000000001,4.000000000000002
1087799999,2024-04-22,60.6333333,3.7166666,90.0,"TROLL A OIL PLATFORM, NO",5.277777777777778,2.8888888888888906,9999.9,999.9,0.8690436,26.6688,61.116,1851.8148,5.999999999999998,4.000000000000002
1087799999,2024-04-23,60.6333333,3.7166666,90.0,"TROLL A OIL PLATFORM, NO",4.555555555555557,-0.4999999999999992,9999.9,999.9,0.9977908,58.5232,70.5612,1851.8148,5.0,2.999999999999999
1087799999,2024-04-24,60.6333333,3.7166666,90.0,"TROLL A OIL PLATFORM, NO",3.888888888888889,-1.4999999999999996,9999.9,999.9,0.9977908,35.9288,59.449200000000005,1851.8148,5.0,2.000000000000001
1087799999,2024-04-25,60.6333333,3.7166666,90.0,"TROLL A OIL PLATFORM, NO",6.0555555555555545,0.7222222222222207,9999.9,999.9,0.9977908,9.4452,20.5572,1851.8148,10.999999999999998,4.000000000000002
1087799999,2024-04-26,60.6333333,3.7166666,90.0,"TROLL A OIL PLATFORM, NO",7.666666666666665,1.555555555555554,9999.9,999.9,0.9977908,12.5936,22.224,1851.8148,10.999999999999998,5.0
1087799999,2024-04-27,60.6333333,3.7166666,90.0,"TROLL A OIL PLATFORM, NO",7.88888888888889,1.8888888888888882,9999.9,999.9,0.9977908,8.334,18.3348,1851.8148,12.0,5.999999999999998
1087799999,2024-04-28,60.6333333,3.7166666,90.0,"TROLL A OIL PLATFORM, NO",8.055555555555555,2.6111111111111125,9999.9,999.9,0.9977908,28.5208,51.856,1851.8148,10.999999999999998,5.999999999999998
1087799999,2024-04-29,60.6333333,3.7166666,90.0,"TROLL A OIL PLATFORM, NO",7.722222222222222,5.444444444444443,9999.9,999.9,0.9012303999999999,62.968,77.784,1851.8148,10.999999999999998,5.999999999999998
1087799999,2024-04-30,60.6333333,3.7166666,90.0,"TROLL A OIL PLATFORM, NO",9.333333333333332,5.999999999999998,9999.9,999.9,0.9816973999999999,55.745200000000004,70.5612,1851.8148,10.999999999999998,7.000000000000001
1087799999,2024-05-02,60.6333333,3.7166666,90.0,"TROLL A OIL PLATFORM, NO",15.833333333333334,5.222222222222221,9999.9,999.9,0.9977908,25.928,44.6332,1851.8148,19.0,12.0
1087799999,2024-05-03,60.6333333,3.7166666,90.0,"TROLL A OIL PLATFORM, NO",15.61111111111111,4.444444444444445,9999.9,999.9,0.9977908,21.298000000000002,35.188,1851.8148,19.0,12.0
1087799999,2024-05-04,60.6333333,3.7166666,90.0,"TROLL A OIL PLATFORM, NO",14.11111111111111,4.722222222222222,9999.9,999.9,0.9816973999999999,20.372,29.446800000000003,1851.8148,17.0,8.0
1087799999,2024-05-06,60.6333333,3.7166666,90.0,"TROLL A OIL PLATFORM, NO",8.499999999999998,7.88888888888889,9999.9,999.9,0.9816973999999999,10.000800000000002,22.224,1851.8148,10.0,7.000000000000001
1087799999,2024-05-07,60.6333333,3.7166666,90.0,"TROLL A OIL PLATFORM, NO",8.61111111111111,7.88888888888889,9999.9,999.9,0.9816973999999999,31.854400000000002,48.152,1851.8148,9.000000000000002,7.000000000000001
1087799999,2024-05-08,60.6333333,3.7166666,90.0,"TROLL A OIL PLATFORM, NO",8.222222222222221,4.61111111111111,9999.9,999.9,0.9656039999999999,30.0024,57.59720000000001,1851.8148,10.0,7.000000000000001
1087799999,2024-05-10,60.6333333,3.7166666,90.0,"TROLL A OIL PLATFORM, NO",7.5,4.166666666666667,9999.9,999.9,0.9977908,20.372,31.669200000000004,1851.8148,10.0,5.999999999999998
1087799999,2024-05-13,60.6333333,3.7166666,90.0,"TROLL A OIL PLATFORM, NO",12.888888888888891,7.055555555555557,9999.9,999.9,0.885137,48.5224,62.968,1851.8148,16.0,9.000000000000002
1087799999,2024-05-14,60.6333333,3.7166666,90.0,"TROLL A OIL PLATFORM, NO",14.722222222222221,5.944444444444446,9999.9,999.9,0.9977908,57.0416,66.4868,1851.8148,16.0,13.0
1087799999,2024-05-15,60.6333333,3.7166666,90.0,"TROLL A OIL PLATFORM, NO",16.944444444444443,5.055555555555556,9999.9,999.9,0.9977908,44.6332,53.5228,1851.8148,20.0,14.000000000000002
1087799999,2024-05-16,60.6333333,3.7166666,90.0,"TROLL A OIL PLATFORM, NO",18.555555555555557,5.333333333333334,9999.9,999.9,0.9977908,25.928,44.6332,1851.8148,23.000000000000004,16.0
1087799999,2024-05-17,60.6333333,3.7166666,90.0,"TROLL A OIL PLATFORM, NO",17.38888888888889,5.666666666666668,9999.9,999.9,0.9977908,17.9644,37.04,1851.8148,21.999999999999996,13.0
1087799999,2024-05-18,60.6333333,3.7166666,90.0,"TROLL A OIL PLATFORM, NO",11.61111111111111,9.5,9999.9,999.9,0.80467,25.1872,37.04,1851.8148,14.000000000000002,9.000000000000002
1087799999,2024-05-19,60.6333333,3.7166666,90.0,"TROLL A OIL PLATFORM, NO",9.555555555555557,5.333333333333334,9999.9,999.9,0.9977908,39.077200000000005,57.59720000000001,1851.8148,10.0,9.000000000000002
1087799999,2024-05-20,60.6333333,3.7166666,90.0,"TROLL A OIL PLATFORM, NO",10.444444444444443,6.222222222222224,9999.9,999.9,0.9977908,35.9288,50.004000000000005,1851.8148,12.0,9.000000000000002
1087799999,2024-05-21,60.6333333,3.7166666,90.0,"TROLL A OIL PLATFORM, NO",16.77777777777778,5.666666666666668,9999.9,999.9,0.9977908,15.742,33.52120000000001,1851.8148,24.0,10.999999999999998
1087799999,2024-05-22,60.6333333,3.7166666,90.0,"TROLL A OIL PLATFORM, NO",19.222222222222218,5.277777777777778,9999.9,999.9,0.9977908,25.3724,46.485200000000006,1851.8148,21.999999999999996,16.0
1087799999,2024-05-23,60.6333333,3.7166666,90.0,"TROLL A OIL PLATFORM, NO",18.61111111111111,8.722222222222223,9999.9,999.9,0.9977908,35.9288,57.59720000000001,1851.8148,21.999999999999996,14.000000000000002
1087799999,2024-05-24,60.6333333,3.7166666,90.0,"TROLL A OIL PLATFORM, NO",14.833333333333334,11.444444444444445,9999.9,999.9,0.9977908,16.297600000000003,29.446800000000003,1851.8148,17.0,13.0
1087799999,2024-05-27,60.6333333,3.7166666,90.0,"TROLL A OIL PLATFORM, NO",14.444444444444445,13.0,9999.9,999.9,0.9816973999999999,21.1128,38.892,1851.8148,17.0,13.0
1087799999,2024-05-28,60.6333333,3.7166666,90.0,"TROLL A OIL PLATFORM, NO",13.444444444444446,10.111111111111112,9999.9,999.9,0.9977908,29.817200000000003,38.892,1851.8148,14.000000000000002,12.0
1087799999,2024-05-29,60.6333333,3.7166666,90.0,"TROLL A OIL PLATFORM, NO",12.333333333333336,9.38888888888889,9999.9,999.9,0.9495106,17.7792,40.744,1851.8148,14.000000000000002,10.999999999999998
1087799999,2024-05-30,60.6333333,3.7166666,90.0,"TROLL A OIL PLATFORM, NO",12.944444444444443,10.5,9999.9,999.9,0.9977908,42.596000000000004,50.004000000000005,1851.8148,14.000000000000002,12.0
1087799999,2024-05-31,60.6333333,3.7166666,90.0,"TROLL A OIL PLATFORM, NO",12.111111111111109,8.944444444444445,9999.9,999.9,0.9977908,42.0404,50.004000000000005,1851.8148,13.0,12.0
1087799999,2024-06-01,60.6333333,3.7166666,90.0,"TROLL A OIL PLATFORM, NO",12.222222222222221,7.944444444444443,9999.9,999.9,0.9977908,37.04,42.4108,1851.8148,13.0,12.0
1087799999,2024-06-02,60.6333333,3.7166666,90.0,"TROLL A OIL PLATFORM, NO",11.88888888888889,8.11111111111111,9999.9,999.9,0.9816973999999999,27.9652,40.744,1851.8148,13.0,10.999999999999998
1087799999,2024-06-03,60.6333333,3.7166666,90.0,"TROLL A OIL PLATFORM, NO",11.166666666666666,5.777777777777777,9999.9,999.9,0.9656039999999999,43.3368,61.116,1851.8148,12.0,9.000000000000002
1087799999,2024-06-04,60.6333333,3.7166666,90.0,"TROLL A OIL PLATFORM, NO",10.777777777777779,6.7777777777777795,9999.9,999.9,0.9495106,45.559200000000004,77.784,1851.8148,13.0,8.0
1087799999,2024-06-05,60.6333333,3.7166666,90.0,"TROLL A OIL PLATFORM, NO",9.555555555555557,3.444444444444446,9999.9,999.9,0.9977908,31.1136,44.6332,1851.8148,10.999999999999998,8.0
1087799999,2024-06-07,60.6333333,3.7166666,90.0,"TROLL A OIL PLATFORM, NO",9.888888888888888,4.722222222222222,9999.9,999.9,0.9816973999999999,41.67,53.5228,1851.8148,10.999999999999998,8.0
1087799999,2024-06-08,60.6333333,3.7166666,90.0,"TROLL A OIL PLATFORM, NO",9.722222222222221,5.166666666666665,9999.9,999.9,0.9977908,21.1128,37.04,1851.8148,12.0,8.0
1087799999,2024-06-09,60.6333333,3.7166666,90.0,"TROLL A OIL PLATFORM, NO",9.888888888888888,7.3888888888888875,9999.9,999.9,0.8690436,50.7448,85.19200000000001,1851.8148,12.0,8.0
1087799999,2024-06-10,60.6333333,3.7166666,90.0,"TROLL A OIL PLATFORM, NO",9.722222222222221,6.722222222222223,9999.9,999.9,0.9977908,59.0788,85.19200000000001,1851.8148,10.999999999999998,9.000000000000002
1087799999,2024-06-11,60.6333333,3.7166666,90.0,"TROLL A OIL PLATFORM, NO",9.777777777777779,5.055555555555556,9999.9,999.9,0.9977908,60.745599999999996,66.4868,1851.8148,10.0,9.000000000000002
1087799999,2024-06-12,60.6333333,3.7166666,90.0,"TROLL A OIL PLATFORM, NO",8.833333333333334,3.7777777777777763,9999.9,999.9,0.9977908,43.1516,62.968,1851.8148,9.000000000000002,8.0
1087799999,2024-06-13,60.6333333,3.7166666,90.0,"TROLL A OIL PLATFORM, NO",10.388888888888891,2.944444444444443,9999.9,999.9,0.9977908,14.0752,29.446800000000003,1851.8148,13.0,8.0
1087799999,2024-06-14,60.6333333,3.7166666,90.0,"TROLL A OIL PLATFORM, NO",11.500000000000002,5.833333333333333,9999.9,999.9,0.9977908,26.1132,42.4108,1851.8148,16.0,9.000000000000002
1087799999,2024-06-15,60.6333333,3.7166666,90.0,"TROLL A OIL PLATFORM, NO",14.38888888888889,7.777777777777778,9999.9,999.9,0.9977908,35.9288,55.3748,1851.8148,18.000000000000004,10.999999999999998
1087799999,2024-06-16,60.6333333,3.7166666,90.0,"TROLL A OIL PLATFORM, NO",12.944444444444443,9.555555555555557,9999.9,999.9,0.9977908,27.0392,48.152,1851.8148,15.0,12.0
1087799999,2024-06-17,60.6333333,3.7166666,90.0,"TROLL A OIL PLATFORM, NO",11.944444444444445,10.277777777777779,9999.9,999.9,0.9495106,17.594,29.446800000000003,1851.8148,13.0,10.999999999999998
1087799999,2024-06-18,60.6333333,3.7166666,90.0,"TROLL A OIL PLATFORM, NO",11.722222222222221,10.111111111111112,9999.9,999.9,0.9495106,34.817600000000006,62.968,1851.8148,14.000000000000002,9.000000000000002
1087799999,2024-06-19,60.6333333,3.7166666,90.0,"TROLL A OIL PLATFORM, NO",10.444444444444443,5.777777777777777,9999.9,999.9,0.9977908,40.744,62.968,1851.8148,13.0,9.000000000000002
1087799999,2024-06-20,60.6333333,3.7166666,90.0,"TROLL A OIL PLATFORM, NO",11.11111111111111,8.277777777777779,9999.9,999.9,0.9816973999999999,37.595600000000005,53.5228,1851.8148,12.0,10.0
1087799999,2024-06-21,60.6333333,3.7166666,90.0,"TROLL A OIL PLATFORM, NO",12.388888888888888,9.555555555555557,9999.9,999.9,0.9977908,32.595200000000006,42.4108,1851.8148,13.0,10.999999999999998
1087799999,2024-06-22,60.6333333,3.7166666,90.0,"TROLL A OIL PLATFORM, NO",13.166666666666668,11.777777777777779,9999.9,999.9,0.9495106,29.817200000000003,40.744,1851.8148,15.0,12.0
1087799999,2024-06-23,60.6333333,3.7166666,90.0,"TROLL A OIL PLATFORM, NO",12.111111111111109,10.055555555555555,9999.9,999.9,0.9977908,28.8912,44.6332,1851.8148,13.0,10.999999999999998
1087799999,2024-06-24,60.6333333,3.7166666,90.0,"TROLL A OIL PLATFORM, NO",12.888888888888891,10.222222222222221,9999.9,999.9,0.9977908,35.7436,50.004000000000005,1851.8148,14.000000000000002,10.999999999999998
1087799999,2024-06-25,60.6333333,3.7166666,90.0,"TROLL A OIL PLATFORM, NO",13.166666666666668,12.277777777777779,9999.9,999.9,0.80467,33.336,55.3748,1851.8148,16.0,10.999999999999998
1087799999,2024-06-26,60.6333333,3.7166666,90.0,"TROLL A OIL PLATFORM, NO",12.833333333333334,10.055555555555555,9999.9,999.9,0.9977908,21.1128,31.669200000000004,1851.8148,17.0,10.999999999999998
1087799999,2024-06-28,60.6333333,3.7166666,90.0,"TROLL A OIL PLATFORM, NO",13.444444444444446,11.277777777777777,9999.9,999.9,0.9816973999999999,54.634,70.5612,1851.8148,15.0,10.0
1087799999,2024-06-29,60.6333333,3.7166666,90.0,"TROLL A OIL PLATFORM, NO",11.277777777777777,7.777777777777778,9999.9,999.9,0.9816973999999999,43.522000000000006,57.59720000000001,1851.8148,13.0,10.0
1087799999,2024-06-30,60.6333333,3.7166666,90.0,"TROLL A OIL PLATFORM, NO",12.277777777777779,9.5,9999.9,999.9,0.9495106,23.705600000000004,38.892,1851.8148,16.0,10.0
1087799999,2024-07-02,60.6333333,3.7166666,90.0,"TROLL A OIL PLATFORM, NO",11.055555555555555,7.11111111111111,9999.9,999.9,0.9495106,38.7068,57.59720000000001,1851.8148,12.0,10.0
1087799999,2024-07-03,60.6333333,3.7166666,90.0,"TROLL A OIL PLATFORM, NO",11.38888888888889,7.833333333333333,9999.9,999.9,0.9977908,23.890800000000002,37.04,1851.8148,13.0,10.0
1087799999,2024-07-05,60.6333333,3.7166666,90.0,"TROLL A OIL PLATFORM, NO",12.333333333333336,8.555555555555555,9999.9,999.9,0.9977908,23.5204,33.52120000000001,1851.8148,15.0,10.999999999999998
1087799999,2024-07-06,60.6333333,3.7166666,90.0,"TROLL A OIL PLATFORM, NO",12.444444444444445,9.666666666666666,9999.9,999.9,0.9816973999999999,14.0752,44.6332,1851.8148,16.0,10.999999999999998
1087799999,2024-07-07,60.6333333,3.7166666,90.0,"TROLL A OIL PLATFORM, NO",11.666666666666666,9.277777777777779,9999.9,999.9,0.9977908,27.78,50.004000000000005,1851.8148,13.0,10.999999999999998
1087799999,2024-07-08,60.6333333,3.7166666,90.0,"TROLL A OIL PLATFORM, NO",12.666666666666664,10.5,9999.9,999.9,0.9816973999999999,17.0384,25.928,1851.8148,15.0,10.999999999999998
1087799999,2024-07-09,60.6333333,3.7166666,90.0,"TROLL A OIL PLATFORM, NO",13.833333333333334,9.277777777777779,9999.9,999.9,0.9977908,16.8532,27.78,1851.8148,18.000000000000004,10.999999999999998
1087799999,2024-07-10,60.6333333,3.7166666,90.0,"TROLL A OIL PLATFORM, NO",13.499999999999998,11.666666666666666,9999.9,999.9,0.8368568,20.9276,35.188,1851.8148,14.000000000000002,13.0
1087799999,2024-07-12,60.6333333,3.7166666,90.0,"TROLL A OIL PLATFORM, NO",12.944444444444443,11.61111111111111,9999.9,999.9,0.9977908,43.70720000000001,53.5228,1851.8148,14.000000000000002,12.0
1087799999,2024-07-14,60.6333333,3.7166666,90.0,"TROLL A OIL PLATFORM, NO",14.166666666666666,13.722222222222223,9999.9,999.9,0.9656039999999999,29.2616,53.5228,1851.8148,16.0,14.000000000000002
1087799999,2024-07-15,60.6333333,3.7166666,90.0,"TROLL A OIL PLATFORM, NO",13.722222222222223,13.11111111111111,9999.9,999.9,0.8207633999999999,19.6312,31.669200000000004,1851.8148,15.0,13.0
1087799999,2024-07-16,60.6333333,3.7166666,90.0,"TROLL A OIL PLATFORM, NO",14.222222222222221,11.833333333333332,9999.9,999.9,0.9334172,19.0756,29.446800000000003,1851.8148,16.0,13.0
1087799999,2024-07-17,60.6333333,3.7166666,90.0,"TROLL A OIL PLATFORM, NO",13.277777777777779,10.833333333333334,9999.9,999.9,0.9977908,16.1124,27.78,1851.8148,14.000000000000002,13.0
1087799999,2024-07-18,60.6333333,3.7166666,90.0,"TROLL A OIL PLATFORM, NO",14.777777777777779,12.111111111111109,9999.9,999.9,0.9977908,21.298000000000002,37.04,1851.8148,16.0,13.0
1087799999,2024-07-19,60.6333333,3.7166666,90.0,"TROLL A OIL PLATFORM, NO",15.722222222222221,14.444444444444445,9999.9,999.9,0.9495106,41.1144,55.3748,1851.8148,17.0,15.0
1087799999,2024-07-20,60.6333333,3.7166666,90.0,"TROLL A OIL PLATFORM, NO",17.22222222222222,13.499999999999998,9999.9,999.9,0.9977908,51.856,59.449200000000005,1851.8148,18.000000000000004,16.0
1087799999,2024-07-21,60.6333333,3.7166666,90.0,"TROLL A OIL PLATFORM, NO",15.944444444444445,12.333333333333336,9999.9,999.9,0.9173238,42.781200000000005,72.22800000000001,1851.8148,19.0,13.0
1087799999,2024-07-22,60.6333333,3.7166666,90.0,"TROLL A OIL PLATFORM, NO",14.444444444444445,10.388888888888891,9999.9,999.9,0.9977908,12.2232,18.3348,1851.8148,17.0,13.0
1087799999,2024-07-23,60.6333333,3.7166666,90.0,"TROLL A OIL PLATFORM, NO",13.88888888888889,9.722222222222221,9999.9,999.9,0.9977908,29.632,40.744,1851.8148,15.0,13.0
1087799999,2024-07-24,60.6333333,3.7166666,90.0,"TROLL A OIL PLATFORM, NO",14.277777777777779,10.333333333333334,9999.9,999.9,0.9977908,31.669200000000004,40.744,1851.8148,15.0,13.0
1087799999,2024-07-25,60.6333333,3.7166666,90.0,"TROLL A OIL PLATFORM, NO",14.222222222222221,12.222222222222221,9999.9,999.9,0.8207633999999999,39.2624,57.59720000000001,1851.8148,16.0,13.0
1087799999,2024-07-26,60.6333333,3.7166666,90.0,"TROLL A OIL PLATFORM, NO",14.666666666666666,12.777777777777779,9999.9,999.9,0.9495106,22.779600000000002,40.744,1851.8148,16.0,14.000000000000002
1087799999,2024-07-27,60.6333333,3.7166666,90.0,"TROLL A OIL PLATFORM, NO",15.444444444444445,11.277777777777777,9999.9,999.9,0.9977908,14.816,22.224,1851.8148,18.000000000000004,14.000000000000002
1087799999,2024-07-28,60.6333333,3.7166666,90.0,"TROLL A OIL PLATFORM, NO",14.000000000000002,10.555555555555555,9999.9,999.9,0.9977908,20.001600000000003,31.669200000000004,1851.8148,15.0,13.0
1087799999,2024-07-29,60.6333333,3.7166666,90.0,"TROLL A OIL PLATFORM, NO",15.11111111111111,11.500000000000002,9999.9,999.9,0.9977908,33.7064,44.6332,1851.8148,16.0,14.000000000000002
1087799999,2024-07-30,60.6333333,3.7166666,90.0,"TROLL A OIL PLATFORM, NO",14.333333333333334,12.0,9999.9,999.9,0.9173238,37.04,48.152,1851.8148,15.0,13.0
1087799999,2024-07-31,60.6333333,3.7166666,90.0,"TROLL A OIL PLATFORM, NO",13.333333333333334,8.555555555555555,9999.9,999.9,0.9977908,18.7052,37.04,1851.8148,15.0,13.0
1087799999,2024-08-01,60.6333333,3.7166666,90.0,"TROLL A OIL PLATFORM, NO",14.944444444444445,9.611111111111109,9999.9,999.9,0.9977908,6.482,14.816,1851.8148,18.000000000000004,13.0
1087799999,2024-08-02,60.6333333,3.7166666,90.0,"TROLL A OIL PLATFORM, NO",16.61111111111111,12.055555555555557,9999.9,999.9,0.9977908,15.5568,31.669200000000004,1851.8148,20.0,14.000000000000002
1087799999,2024-08-03,60.6333333,3.7166666,90.0,"TROLL A OIL PLATFORM, NO",15.055555555555555,13.722222222222223,9999.9,999.9,0.8529502,35.188,48.152,1851.8148,16.0,13.0
1087799999,2024-08-04,60.6333333,3.7166666,90.0,"TROLL A OIL PLATFORM, NO",14.222222222222221,9.777777777777779,9999.9,999.9,0.9977908,18.52,35.188,1851.8148,17.0,13.0
1087799999,2024-08-05,60.6333333,3.7166666,90.0,"TROLL A OIL PLATFORM, NO",15.444444444444445,12.722222222222221,9999.9,999.9,0.8368568,47.226,68.3388,1851.8148,16.0,14.000000000000002
1087799999,2024-08-06,60.6333333,3.7166666,90.0,"TROLL A OIL PLATFORM, NO",16.444444444444443,14.777777777777779,9999.9,999.9,0.8368568,65.0052,72.22800000000001,1851.8148,17.0,16.0
1087799999,2024-08-07,60.6333333,3.7166666,90.0,"TROLL A OIL PLATFORM, NO",15.38888888888889,13.944444444444445,9999.9,999.9,0.9816973999999999,42.596000000000004,68.3388,1851.8148,17.0,14.000000000000002
1087799999,2024-08-08,60.6333333,3.7166666,90.0,"TROLL A OIL PLATFORM, NO",14.722222222222221,11.555555555555554,9999.9,999.9,0.9656039999999999,41.1144,55.3748,1851.8148,16.0,13.0
1087799999,2024-08-09,60.6333333,3.7166666,90.0,"TROLL A OIL PLATFORM, NO",13.88888888888889,11.944444444444445,9999.9,999.9,0.8690436,44.6332,59.449200000000005,1851.8148,15.0,13.0
1087799999,2024-08-13,60.6333333,3.7166666,90.0,"TROLL A OIL PLATFORM, NO",16.0,12.722222222222221,9999.9,999.9,0.8207633999999999,56.3008,79.4508,1851.8148,17.0,14.000000000000002
1087799999,2024-08-14,60.6333333,3.7166666,90.0,"TROLL A OIL PLATFORM, NO",14.277777777777779,11.444444444444445,9999.9,999.9,0.9495106,29.632,62.968,1851.8148,17.0,13.0
1087799999,2024-08-15,60.6333333,3.7166666,90.0,"TROLL A OIL PLATFORM, NO",13.277777777777779,11.38888888888889,9999.9,999.9,0.9816973999999999,50.93,70.5612,1851.8148,14.000000000000002,10.999999999999998
1087799999,2024-08-16,60.6333333,3.7166666,90.0,"TROLL A OIL PLATFORM, NO",13.777777777777777,10.111111111111112,9999.9,999.9,0.9816973999999999,47.9668,61.116,1851.8148,15.0,12.0
1087799999,2024-08-17,60.6333333,3.7166666,90.0,"TROLL A OIL PLATFORM, NO",13.777777777777777,10.388888888888891,9999.9,999.9,0.9656039999999999,46.485200000000006,61.116,1851.8148,15.0,12.0
1087799999,2024-08-18,60.6333333,3.7166666,90.0,"TROLL A OIL PLATFORM, NO",13.61111111111111,10.055555555555555,9999.9,999.9,0.9656039999999999,47.226,57.59720000000001,1851.8148,14.000000000000002,12.0
1087799999,2024-08-19,60.6333333,3.7166666,90.0,"TROLL A OIL PLATFORM, NO",13.555555555555555,10.444444444444443,9999.9,999.9,0.9173238,50.93,66.4868,1851.8148,15.0,12.0
1087799999,2024-08-20,60.6333333,3.7166666,90.0,"TROLL A OIL PLATFORM, NO",14.166666666666666,13.222222222222221,9999.9,999.9,0.9816973999999999,48.5224,81.67320000000001,1851.8148,15.0,13.0
1087799999,2024-08-21,60.6333333,3.7166666,90.0,"TROLL A OIL PLATFORM, NO",13.277777777777779,10.833333333333334,9999.9,999.9,0.9495106,33.52120000000001,79.4508,1851.8148,15.0,12.0
1087799999,2024-08-23,60.6333333,3.7166666,90.0,"TROLL A OIL PLATFORM, NO",12.333333333333336,9.777777777777779,9999.9,999.9,0.9816973999999999,29.817200000000003,53.5228,1851.8148,14.000000000000002,10.999999999999998
1087799999,2024-08-24,60.6333333,3.7166666,90.0,"TROLL A OIL PLATFORM, NO",13.333333333333334,11.222222222222223,9999.9,999.9,0.9656039999999999,47.226,57.59720000000001,1851.8148,14.000000000000002,12.0
1087799999,2024-08-25,60.6333333,3.7166666,90.0,"TROLL A OIL PLATFORM, NO",12.555555555555555,9.444444444444445,9999.9,999.9,0.9012303999999999,54.0784,68.3388,1851.8148,14.000000000000002,10.999999999999998
1087799999,2024-08-26,60.6333333,3.7166666,90.0,"TROLL A OIL PLATFORM, NO",12.166666666666666,9.444444444444445,9999.9,999.9,0.9495106,37.04,68.3388,1851.8148,14.000000000000002,10.999999999999998
1087799999,2024-08-29,60.6333333,3.7166666,90.0,"TROLL A OIL PLATFORM, NO",14.333333333333334,12.166666666666666,9999.9,999.9,0.9012303999999999,40.3736,68.3388,1851.8148,17.0,13.0
1087799999,2024-08-30,60.6333333,3.7166666,90.0,"TROLL A OIL PLATFORM, NO",12.388888888888888,9.5,9999.9,999.9,0.9816973999999999,27.0392,42.4108,1851.8148,13.0,12.0
1087799999,2024-08-31,60.6333333,3.7166666,90.0,"TROLL A OIL PLATFORM, NO",13.0,8.666666666666666,9999.9,999.9,0.9977908,8.704400000000001,18.3348,1851.8148,17.0,10.999999999999998
1087799999,2024-09-01,60.6333333,3.7166666,90.0,"TROLL A OIL PLATFORM, NO",14.38888888888889,10.722222222222221,9999.9,999.9,0.9977908,13.89,18.3348,1851.8148,18.000000000000004,12.0
1087799999,2024-09-02,60.6333333,3.7166666,90.0,"TROLL A OIL PLATFORM, NO",15.444444444444445,10.222222222222221,9999.9,999.9,0.9977908,22.779600000000002,46.485200000000006,1851.8148,18.000000000000004,14.000000000000002
1087799999,2024-09-03,60.6333333,3.7166666,90.0,"TROLL A OIL PLATFORM, NO",13.666666666666666,11.055555555555555,9999.9,999.9,0.8690436,39.4476,72.22800000000001,1851.8148,16.0,12.0
1087799999,2024-09-04,60.6333333,3.7166666,90.0,"TROLL A OIL PLATFORM, NO",13.11111111111111,11.38888888888889,9999.9,999.9,0.9012303999999999,27.0392,38.892,1851.8148,14.000000000000002,12.0
1087799999,2024-09-06,60.6333333,3.7166666,90.0,"TROLL A OIL PLATFORM, NO",20.27777777777778,13.333333333333334,9999.9,999.9,0.9816973999999999,13.7048,20.5572,1851.8148,24.0,14.000000000000002
1087799999,2024-09-08,60.6333333,3.7166666,90.0,"TROLL A OIL PLATFORM, NO",17.555555555555557,13.11111111111111,9999.9,999.9,0.9816973999999999,29.2616,44.6332,1851.8148,20.0,14.000000000000002
1087799999,2024-09-09,60.6333333,3.7166666,90.0,"TROLL A OIL PLATFORM, NO",11.277777777777777,8.055555555555555,9999.9,999.9,0.80467,33.7064,51.856,1851.8148,14.000000000000002,10.0
1087799999,2024-09-11,60.6333333,3.7166666,90.0,"TROLL A OIL PLATFORM, NO",10.0,7.166666666666667,9999.9,999.9,0.885137,51.856,75.932,1851.8148,10.999999999999998,9.000000000000002
1087799999,2024-09-13,60.6333333,3.7166666,90.0,"TROLL A OIL PLATFORM, NO",9.222222222222221,3.3888888888888897,9999.9,999.9,0.9977908,22.038800000000002,38.892,1851.8148,10.999999999999998,8.0
1087799999,2024-09-14,60.6333333,3.7166666,90.0,"TROLL A OIL PLATFORM, NO",11.88888888888889,8.555555555555555,9999.9,999.9,0.885137,49.078,70.5612,1851.8148,14.000000000000002,10.0
1087799999,2024-09-15,60.6333333,3.7166666,90.0,"TROLL A OIL PLATFORM, NO",12.777777777777779,11.222222222222223,9999.9,999.9,0.8207633999999999,34.0768,68.3388,1851.8148,13.0,12.0
1087799999,2024-09-16,60.6333333,3.7166666,90.0,"TROLL A OIL PLATFORM, NO",11.722222222222221,8.944444444444445,9999.9,999.9,0.9977908,16.4828,24.076,1851.8148,13.0,10.999999999999998
1087799999,2024-09-17,60.6333333,3.7166666,90.0,"TROLL A OIL PLATFORM, NO",12.333333333333336,9.944444444444445,9999.9,999.9,0.9977908,32.410000000000004,42.4108,1851.8148,13.0,10.999999999999998
1087799999,2024-09-18,60.6333333,3.7166666,90.0,"TROLL A OIL PLATFORM, NO",14.777777777777779,11.777777777777779,9999.9,999.9,0.9977908,18.52,31.669200000000004,1851.8148,18.000000000000004,13.0
1087799999,2024-09-21,60.6333333,3.7166666,90.0,"TROLL A OIL PLATFORM, NO",12.833333333333334,10.555555555555555,9999.9,999.9,0.9173238,32.0396,40.744,1851.8148,14.000000000000002,10.999999999999998
1087799999,2024-09-22,60.6333333,3.7166666,90.0,"TROLL A OIL PLATFORM, NO",13.166666666666668,9.777777777777779,9999.9,999.9,0.9977908,10.3712,20.5572,1851.8148,16.0,12.0
1087799999,2024-09-23,60.6333333,3.7166666,90.0,"TROLL A OIL PLATFORM, NO",10.61111111111111,8.166666666666668,9999.9,999.9,0.8368568,23.705600000000004,46.485200000000006,1851.8148,12.0,9.000000000000002
1087799999,2024-09-24,60.6333333,3.7166666,90.0,"TROLL A OIL PLATFORM, NO",10.444444444444443,4.944444444444444,9999.9,999.9,0.9977908,50.93,59.449200000000005,1851.8148,10.999999999999998,10.0
1087799999,2024-09-25,60.6333333,3.7166666,90.0,"TROLL A OIL PLATFORM, NO",10.055555555555555,4.722222222222222,9999.9,999.9,0.9977908,57.7824,81.67320000000001,1851.8148,10.999999999999998,8.0
1087799999,2024-09-26,60.6333333,3.7166666,90.0,"TROLL A OIL PLATFORM, NO",9.722222222222221,3.944444444444445,9999.9,999.9,0.9977908,27.78,70.5612,1851.8148,10.999999999999998,8.0
1087799999,2024-09-27,60.6333333,3.7166666,90.0,"TROLL A OIL PLATFORM, NO",8.277777777777779,2.2222222222222223,9999.9,999.9,0.9977908,62.2272,79.4508,1851.8148,10.0,5.0
1087799999,2024-09-29,60.6333333,3.7166666,90.0,"TROLL A OIL PLATFORM, NO",9.722222222222221,4.61111111111111,9999.9,999.9,0.9977908,25.1872,46.485200000000006,1851.8148,10.999999999999998,7.000000000000001
1087799999,2024-09-30,60.6333333,3.7166666,90.0,"TROLL A OIL PLATFORM, NO",12.333333333333336,7.666666666666665,9999.9,999.9,0.9495106,39.818000000000005,62.968,1851.8148,13.0,10.999999999999998
1087799999,2024-10-01,60.6333333,3.7166666,90.0,"TROLL A OIL PLATFORM, NO",12.388888888888888,7.555555555555555,9999.9,999.9,0.9977908,20.1868,27.78,1851.8148,13.0,12.0
1087799999,2024-10-02,60.6333333,3.7166666,90.0,"TROLL A OIL PLATFORM, NO",11.500000000000002,7.722222222222222,9999.9,999.9,0.9977908,20.5572,31.669200000000004,1851.8148,12.0,10.999999999999998
1087799999,2024-10-03,60.6333333,3.7166666,90.0,"TROLL A OIL PLATFORM, NO",11.166666666666666,6.111111111111111,9999.9,999.9,0.9977908,15.0012,24.076,1851.8148,12.0,10.0
1087799999,2024-10-04,60.6333333,3.7166666,90.0,"TROLL A OIL PLATFORM, NO",10.88888888888889,6.944444444444445,9999.9,999.9,0.9977908,26.2984,48.152,1851.8148,12.0,10.0
1087799999,2024-10-05,60.6333333,3.7166666,90.0,"TROLL A OIL PLATFORM, NO",11.833333333333332,10.222222222222221,9999.9,999.9,0.9816973999999999,51.856,61.116,1851.8148,12.0,10.999999999999998
1087799999,2024-10-06,60.6333333,3.7166666,90.0,"TROLL A OIL PLATFORM, NO",12.222222222222221,8.944444444444445,9999.9,999.9,0.9977908,39.818000000000005,53.5228,1851.8148,13.0,12.0
1087799999,2024-10-07,60.6333333,3.7166666,90.0,"TROLL A OIL PLATFORM, NO",12.166666666666666,7.000000000000001,9999.9,999.9,0.9977908,27.4096,51.856,1851.8148,13.0,10.999999999999998
1087799999,2024-10-08,60.6333333,3.7166666,90.0,"TROLL A OIL PLATFORM, NO",11.38888888888889,9.888888888888888,9999.9,999.9,0.8690436,25.1872,42.4108,1851.8148,12.0,10.0
1087799999,2024-10-09,60.6333333,3.7166666,90.0,"TROLL A OIL PLATFORM, NO",9.11111111111111,6.500000000000002,9999.9,999.9,0.8368568,67.9684,96.48920000000001,1851.8148,10.999999999999998,7.000000000000001
1087799999,2024-10-11,60.6333333,3.7166666,90.0,"TROLL A OIL PLATFORM, NO",6.333333333333332,-0.055555555555556344,9999.9,999.9,0.9977908,31.854400000000002,42.4108,1851.8148,7.000000000000001,5.999999999999998
1087799999,2024-10-12,60.6333333,3.7166666,90.0,"TROLL A OIL PLATFORM, NO",8.722222222222223,4.388888888888888,9999.9,999.9,0.9495106,43.3368,77.784,1851.8148,10.0,5.999999999999998
1087799999,2024-10-13,60.6333333,3.7166666,90.0,"TROLL A OIL PLATFORM, NO",7.722222222222222,4.222222222222223,9999.9,999.9,0.9495106,45.003600000000006,70.5612,1851.8148,10.0,7.000000000000001
1087799999,2024-10-14,60.6333333,3.7166666,90.0,"TROLL A OIL PLATFORM, NO",7.166666666666667,0.33333333333333415,9999.9,999.9,0.9977908,25.1872,53.5228,1851.8148,10.999999999999998,5.0
1087799999,2024-10-15,60.6333333,3.7166666,90.0,"TROLL A OIL PLATFORM, NO",10.5,6.7777777777777795,9999.9,999.9,0.9816973999999999,55.189600000000006,70.5612,1851.8148,10.999999999999998,9.000000000000002
1087799999,2024-10-16,60.6333333,3.7166666,90.0,"TROLL A OIL PLATFORM, NO",11.777777777777779,5.999999999999998,9999.9,999.9,0.9977908,72.78359999999999,85.19200000000001,1851.8148,13.0,10.0
1087799999,2024-10-18,60.6333333,3.7166666,90.0,"TROLL A OIL PLATFORM, NO",11.777777777777779,10.666666666666668,9999.9,999.9,0.9656039999999999,59.449200000000005,75.932,1851.8148,12.0,10.999999999999998
1087799999,2024-10-20,60.6333333,3.7166666,90.0,"TROLL A OIL PLATFORM, NO",10.722222222222221,9.000000000000002,9999.9,999.9,0.9012303999999999,48.707600000000006,88.896,1851.8148,12.0,10.0
1087799999,2024-10-22,60.6333333,3.7166666,90.0,"TROLL A OIL PLATFORM, NO",10.055555555555555,6.111111111111111,9999.9,999.9,0.9656039999999999,59.264,74.08,1851.8148,10.999999999999998,8.0
1087799999,2024-10-23,60.6333333,3.7166666,90.0,"TROLL A OIL PLATFORM, NO",10.61111111111111,8.277777777777779,9999.9,999.9,0.9012303999999999,52.41160000000001,70.5612,1851.8148,10.999999999999998,10.0
1087799999,2024-10-24,60.6333333,3.7166666,90.0,"TROLL A OIL PLATFORM, NO",11.222222222222223,9.222222222222221,9999.9,999.9,0.9656039999999999,67.04240000000001,81.67320000000001,1851.8148,12.0,10.999999999999998
1087799999,2024-10-25,60.6333333,3.7166666,90.0,"TROLL A OIL PLATFORM, NO",10.5,8.61111111111111,9999.9,999.9,0.9012303999999999,33.7064,57.59720000000001,1851.8148,10.999999999999998,9.000000000000002
1087799999,2024-10-26,60.6333333,3.7166666,90.0,"TROLL A OIL PLATFORM, NO",10.88888888888889,9.666666666666666,9999.9,999.9,0.9816973999999999,63.708800000000004,85.19200000000001,1851.8148,12.0,10.0
1087799999,2024-10-28,60.6333333,3.7166666,90.0,"TROLL A OIL PLATFORM, NO",7.833333333333333,3.7777777777777763,9999.9,999.9,0.9977908,23.3352,35.188,1851.8148,10.0,7.000000000000001
1087799999,2024-10-29,60.6333333,3.7166666,90.0,"TROLL A OIL PLATFORM, NO",9.000000000000002,6.277777777777776,9999.9,999.9,0.8368568,37.966,51.856,1851.8148,10.0,7.000000000000001
1087799999,2024-10-30,60.6333333,3.7166666,90.0,"TROLL A OIL PLATFORM, NO",9.38888888888889,6.111111111111111,9999.9,999.9,0.9173238,40.9292,55.3748,1851.8148,10.0,8.0
1087799999,2024-11-01,60.6333333,3.7166666,90.0,"TROLL A OIL PLATFORM, NO",5.611111111111112,-0.33333333333333415,9999.9,999.9,0.9977908,56.486000000000004,81.67320000000001,1851.8148,10.0,4.000000000000002
1087799999,2024-11-02,60.6333333,3.7166666,90.0,"TROLL A OIL PLATFORM, NO",6.388888888888889,2.6111111111111125,9999.9,999.9,0.80467,39.077200000000005,70.5612,1851.8148,10.0,4.000000000000002
1087799999,2024-11-04,60.6333333,3.7166666,90.0,"TROLL A OIL PLATFORM, NO",9.777777777777779,9.333333333333332,9999.9,999.9,0.9816973999999999,15.5568,29.446800000000003,1851.8148,10.0,9.000000000000002
1087799999,2024-11-05,60.6333333,3.7166666,90.0,"TROLL A OIL PLATFORM, NO",9.38888888888889,6.500000000000002,9999.9,999.9,0.9656039999999999,20.1868,31.669200000000004,1851.8148,10.0,8.0
1087799999,2024-11-06,60.6333333,3.7166666,90.0,"TROLL A OIL PLATFORM, NO",9.777777777777779,8.11111111111111,9999.9,999.9,0.80467,34.4472,42.4108,1851.8148,10.0,9.000000000000002
1087799999,2024-11-07,60.6333333,3.7166666,90.0,"TROLL A OIL PLATFORM, NO",10.777777777777779,9.5,9999.9,999.9,0.9495106,44.6332,57.59720000000001,1851.8148,10.999999999999998,10.0
1087799999,2024-11-08,60.6333333,3.7166666,90.0,"TROLL A OIL PLATFORM, NO",10.111111111111112,8.722222222222223,9999.9,999.9,0.9012303999999999,38.3364,51.856,1851.8148,10.999999999999998,9.000000000000002
1087799999,2024-11-09,60.6333333,3.7166666,90.0,"TROLL A OIL PLATFORM, NO",9.722222222222221,6.888888888888888,9999.9,999.9,0.9334172,29.446800000000003,38.892,1851.8148,10.0,9.000000000000002
1087799999,2024-11-10,60.6333333,3.7166666,90.0,"TROLL A OIL PLATFORM, NO",8.833333333333334,6.222222222222224,9999.9,999.9,0.9495106,44.077600000000004,55.3748,1851.8148,10.0,8.0
1087799999,2024-11-11,60.6333333,3.7166666,90.0,"TROLL A OIL PLATFORM, NO",9.555555555555557,6.277777777777776,9999.9,999.9,0.9977908,30.558,38.892,1851.8148,10.0,8.0
1087799999,2024-11-12,60.6333333,3.7166666,90.0,"TROLL A OIL PLATFORM, NO",9.722222222222221,7.666666666666665,9999.9,999.9,0.8207633999999999,25.002000000000002,40.744,1851.8148,10.0,9.000000000000002
1087799999,2024-11-13,60.6333333,3.7166666,90.0,"TROLL A OIL PLATFORM, NO",9.777777777777779,7.000000000000001,9999.9,999.9,0.9816973999999999,33.52120000000001,40.744,1851.8148,10.0,8.0
1087799999,2024-11-14,60.6333333,3.7166666,90.0,"TROLL A OIL PLATFORM, NO",8.777777777777777,5.777777777777777,9999.9,999.9,0.9816973999999999,32.595200000000006,46.485200000000006,1851.8148,10.0,8.0
1087799999,2024-11-17,60.6333333,3.7166666,90.0,"TROLL A OIL PLATFORM, NO",5.166666666666665,1.3888888888888888,9999.9,999.9,0.885137,63.33840000000001,81.67320000000001,1851.8148,7.000000000000001,2.999999999999999
1087799999,2024-11-25,60.6333333,3.7166666,90.0,"TROLL A OIL PLATFORM, NO",9.055555555555554,6.4444444444444455,9999.9,999.9,0.9173238,65.19040000000001,75.932,1851.8148,10.0,8.0
1087799999,2024-11-26,60.6333333,3.7166666,90.0,"TROLL A OIL PLATFORM, NO",7.055555555555557,4.61111111111111,9999.9,999.9,0.9977908,51.11520000000001,79.4508,1851.8148,8.0,5.999999999999998
1087799999,2024-11-27,60.6333333,3.7166666,90.0,"TROLL A OIL PLATFORM, NO",5.333333333333334,0.944444444444446,9999.9,999.9,0.9816973999999999,40.744,53.5228,1851.8148,5.999999999999998,5.0
1087799999,2024-11-28,60.6333333,3.7166666,90.0,"TROLL A OIL PLATFORM, NO",6.722222222222223,1.6111111111111103,9999.9,999.9,0.9977908,24.076,51.856,1851.8148,8.0,5.999999999999998
1087799999,2024-12-02,60.6333333,3.7166666,90.0,"TROLL A OIL PLATFORM, NO",4.666666666666666,-0.11111111111111072,9999.9,999.9,0.9977908,71.67240000000001,88.896,1851.8148,7.000000000000001,2.000000000000001
1087799999,2024-12-03,60.6333333,3.7166666,90.0,"TROLL A OIL PLATFORM, NO",2.5,-5.333333333333334,9999.9,999.9,0.9977908,43.1516,75.932,1851.8148,5.0,0.9999999999999984
1087799999,2024-12-04,60.6333333,3.7166666,90.0,"TROLL A OIL PLATFORM, NO",4.666666666666666,0.22222222222222143,9999.9,999.9,0.9977908,34.6324,103.52680000000001,1851.8148,5.999999999999998,4.000000000000002
1087799999,2024-12-06,60.6333333,3.7166666,90.0,"TROLL A OIL PLATFORM, NO",7.5,3.611111111111111,9999.9,999.9,0.9334172,32.0396,59.449200000000005,1851.8148,8.0,5.999999999999998
1087799999,2024-12-07,60.6333333,3.7166666,90.0,"TROLL A OIL PLATFORM, NO",6.333333333333332,2.5555555555555562,9999.9,999.9,0.9977908,31.2988,66.4868,1851.8148,8.0,5.0
1087799999,2024-12-08,60.6333333,3.7166666,90.0,"TROLL A OIL PLATFORM, NO",6.888888888888888,2.8888888888888906,9999.9,999.9,0.9977908,55.9304,64.82000000000001,1851.8148,8.0,5.999999999999998
1087799999,2024-12-10,60.6333333,3.7166666,90.0,"TROLL A OIL PLATFORM, NO",6.7777777777777795,4.61111111111111,9999.9,999.9,0.9816973999999999,20.5572,31.669200000000004,1851.8148,9.000000000000002,5.999999999999998
1087799999,2024-12-11,60.6333333,3.7166666,90.0,"TROLL A OIL PLATFORM, NO",6.555555555555554,2.5555555555555562,9999.9,999.9,0.9977908,17.7792,33.52120000000001,1851.8148,7.000000000000001,5.999999999999998
1087799999,2024-12-12,60.6333333,3.7166666,90.0,"TROLL A OIL PLATFORM, NO",7.000000000000001,5.444444444444443,9999.9,999.9,0.9816973999999999,21.853600000000004,38.892,1851.8148,8.0,5.999999999999998
1087799999,2024-12-13,60.6333333,3.7166666,90.0,"TROLL A OIL PLATFORM, NO",7.555555555555555,5.666666666666668,9999.9,999.9,0.9012303999999999,39.4476,55.3748,1851.8148,8.0,5.999999999999998
1087799999,2024-12-17,60.6333333,3.7166666,90.0,"TROLL A OIL PLATFORM, NO",7.055555555555557,4.055555555555554,9999.9,999.9,0.9173238,28.1504,64.82000000000001,1851.8148,9.000000000000002,5.0
1087799999,2024-12-20,60.6333333,3.7166666,90.0,"TROLL A OIL PLATFORM, NO",5.499999999999999,0.4999999999999992,9999.9,999.9,0.9656039999999999,42.2256,90.748,1851.8148,8.0,2.999999999999999
1087799999,2024-12-22,60.6333333,3.7166666,90.0,"TROLL A OIL PLATFORM, NO",6.222222222222224,2.7777777777777777,9999.9,999.9,0.9495106,61.30120000000001,90.748,1851.8148,7.000000000000001,4.000000000000002
1087799999,2024-12-23,60.6333333,3.7166666,90.0,"TROLL A OIL PLATFORM, NO",5.444444444444443,-0.9444444444444441,9999.9,999.9,0.9656039999999999,47.5964,75.932,1851.8148,5.999999999999998,4.000000000000002
1087799999,2024-12-25,60.6333333,3.7166666,90.0,"TROLL A OIL PLATFORM, NO",10.277777777777779,8.277777777777779,9999.9,999.9,0.9816973999999999,54.4488,61.116,1851.8148,10.999999999999998,9.000000000000002
1087799999,2024-12-26,60.6333333,3.7166666,90.0,"TROLL A OIL PLATFORM, NO",8.38888888888889,5.277777777777778,9999.9,999.9,0.9977908,34.817600000000006,51.856,1851.8148,9.000000000000002,7.000000000000001
1087799999,2024-12-27,60.6333333,3.7166666,90.0,"TROLL A OIL PLATFORM, NO",7.222222222222222,5.555555555555555,9999.9,999.9,0.9816973999999999,27.4096,42.4108,1851.8148,8.0,5.999999999999998
1087799999,2024-12-28,60.6333333,3.7166666,90.0,"TROLL A OIL PLATFORM, NO",7.777777777777778,6.222222222222224,9999.9,999.9,0.8529502,41.8552,59.449200000000005,1851.8148,8.0,5.999999999999998
1087799999,2024-12-29,60.6333333,3.7166666,90.0,"TROLL A OIL PLATFORM, NO",5.777777777777777,1.2222222222222239,9999.9,999.9,0.9173238,51.485600000000005,68.3388,1851.8148,8.0,2.999999999999999
1087799999,2024-12-31,60.6333333,3.7166666,90.0,"TROLL A OIL PLATFORM, NO",0.055555555555556344,-4.222222222222223,9999.9,999.9,0.80467,39.818000000000005,59.449200000000005,1851.8148,2.000000000000001,-2.000000000000001
